{
  "LTCUSDT": {
    "amount": 0.1157809424568716,
    "entry_price": 86.37
  },
  "SOLUSDT": {
    "amount": 0.06697923643670461,
    "entry_price": 149.3
  }
}